Country,Division,Category,Next URL,Source URL
Ireland,Home,Bed Sets,https://www.next.ie/en/shop/home/bedding/bed-linen-sets/f/category-bedsets,https://www.ikea.com/ie/en/cat/duvet-covers-bedding-sets-10680/
Ireland,Home,Bed Sets,https://www.next.ie/en/shop/home/bedding/bed-linen-sets/f/category-bedsets,https://www.very.ie/browse/home-bedding-throws-and-bedspreads/shop-by-room--bedroom
Ireland,Home,Bed Sets,https://www.next.ie/en/shop/home/bedding/bed-linen-sets/f/category-bedsets,https://www.dunnesstores.com/home/bedroom/duvet-covers
Ireland,Home,Bed Sets,https://www.next.ie/en/shop/home/bedding/bed-linen-sets/f/category-bedsets,https://www.homestoreandmore.ie/duvet-covers
Ireland,Home,Towels,https://www.next.ie/en/shop/home/bathroom/bathroom-textiles/f/category-towels,https://www.ikea.com/ie/en/cat/towels-20520/
Ireland,Home,Towels,https://www.next.ie/en/shop/home/bathroom/bathroom-textiles/f/category-towels,https://www.very.ie/browse/home-and-garden/shop-by-room--bathroom/towel-type--bath-sheets+bath-towel+hand-towel+towel-set
Ireland,Home,Towels,https://www.next.ie/en/shop/home/bathroom/bathroom-textiles/f/category-towels,https://www.dunnesstores.com/home/bathroom/towels
Ireland,Home,Towels,https://www.next.ie/en/shop/home/bathroom/bathroom-textiles/f/category-towels,https://www.homestoreandmore.ie/towels?prefn1=creationDate&prefv1=-5000&srule=Price%20-%20High%20to%20Low&start=0&sz=24
Ireland,Home,Bed Sheets,https://www.next.ie/en/shop/home/bedroom/f/category-bedsheets,https://www.ikea.com/ie/en/cat/bed-sheets-10681/
Ireland,Home,Bed Sheets,https://www.next.ie/en/shop/home/bedroom/f/category-bedsheets,https://www.very.ie/browse/home-bedding-bed-sheets/shop-by-room--bedroom
Ireland,Home,Bed Sheets,https://www.next.ie/en/shop/home/bedroom/f/category-bedsheets,https://www.dunnesstores.com/home/bedroom/bed-sheets
Ireland,Home,Bed Sheets,https://www.next.ie/en/shop/home/bedroom/f/category-bedsheets,https://www.homestoreandmore.ie/bed-sheets
Ireland,Home,Ceiling Lights,https://www.next.ie/en/shop/home/lighting/ceiling-lights,https://www.ikea.com/ie/en/cat/ceiling-lights-18750/
Ireland,Home,Ceiling Lights,https://www.next.ie/en/shop/home/lighting/ceiling-lights,https://www.very.ie/browse/home-lighting-ceiling-lights
Ireland,Home,Ceiling Lights,https://www.next.ie/en/shop/home/lighting/ceiling-lights,https://www.homestoreandmore.ie/lamp-shades-light-shades?prefn1=inStockFilter&prefv1=true&sz=48&total=48
Ireland,Home,Curtains,https://www.next.ie/en/shop/home/home-furnishings/curtains-and-blinds/f/category-curtains,https://www.ikea.com/ie/en/cat/curtains-10700/
Ireland,Home,Curtains,https://www.next.ie/en/shop/home/home-furnishings/curtains-and-blinds/f/category-curtains,https://www.very.ie/browse/home-curtains
Ireland,Home,Curtains,https://www.next.ie/en/shop/home/home-furnishings/curtains-and-blinds/f/category-curtains,https://www.dunnesstores.com/home/living-room/curtains
Ireland,Home,Curtains,https://www.next.ie/en/shop/home/home-furnishings/curtains-and-blinds/f/category-curtains,https://www.homestoreandmore.ie/curtains-curtains?prefn1=creationDate&prefv1=-5000&srule=Price%20-%20High%20to%20Low&start=0&sz=24
Ireland,Home,Cushions,https://www.next.ie/en/shop/home/cushions-and-throws/f/category-cushions,https://www.ikea.com/ie/en/
Ireland,Home,Cushions,https://www.next.ie/en/shop/home/cushions-and-throws/f/category-cushions,https://www.very.ie/browse/home-cushions
Ireland,Home,Cushions,https://www.next.ie/en/shop/home/cushions-and-throws/f/category-cushions,https://www.dunnesstores.com/home/living-room/cushions
Ireland,Home,Cushions,https://www.next.ie/en/shop/home/cushions-and-throws/f/category-cushions,https://www.homestoreandmore.ie/cushions
Ireland,Home,Bath Mats,https://www.next.ie/en/shop/home/bathroom/bathroom-textiles/f/category-bathmats,https://www.ikea.com/ie/en/cat/bath-mats-20519/
Ireland,Home,Bath Mats,https://www.next.ie/en/shop/home/bathroom/bathroom-textiles/f/category-bathmats,https://www.very.ie/browse/home-bath-mats
Ireland,Home,Bath Mats,https://www.next.ie/en/shop/home/bathroom/bathroom-textiles/f/category-bathmats,https://www.dunnesstores.com/home/bathroom/bath-mats
Ireland,Home,Bath Mats,https://www.next.ie/en/shop/home/bathroom/bathroom-textiles/f/category-bathmats,https://www.homestoreandmore.ie/bathroom-mats?prefn1=creationDate&prefv1=-5000&srule=Price%20-%20High%20to%20Low&start=0&sz=24
Ireland,Home,Table Lamps,https://www.next.ie/en/shop/home/lighting/desk-table-lamps,https://www.ikea.com/ie/en/cat/table-lamps-10732/
Ireland,Home,Table Lamps,https://www.next.ie/en/shop/home/lighting/desk-table-lamps,https://www.very.ie/browse/home-lighting-table-lamps
Ireland,Home,Table Lamps,https://www.next.ie/en/shop/home/lighting/desk-table-lamps,https://www.dunnesstores.com/home/living-room/lighting/lamps
Ireland,Home,Table Lamps,https://www.next.ie/en/shop/home/lighting/desk-table-lamps,https://www.homestoreandmore.ie/lamps-lighting?prefn1=inStockFilter&prefv1=true&prefn2=productType&prefv2=Table%20Lamps
Germany,Home,Bed Sets,https://www.next.de/en/shop/department-homeware-productaffiliation-bedding/category-bedsets,https://www.otto.de/heimtextilien/bettwaesche/
Germany,Home,Bed Sets,https://www.next.de/en/shop/department-homeware-productaffiliation-bedding/category-bedsets,https://www.ikea.com/de/en/cat/duvet-cover-sets-10680/
Germany,Home,Bed Sets,https://www.next.de/en/shop/department-homeware-productaffiliation-bedding/category-bedsets,https://www.beliani.de/textiles/duvet-covers/
Germany,Home,Towels,https://www.next.de/en/shop/department-homeware-productaffiliation-bathroomtextiles/category-towels,https://www.otto.de/heimtextilien/handtuecher/?ansicht=einstieg
Germany,Home,Towels,https://www.next.de/en/shop/department-homeware-productaffiliation-bathroomtextiles/category-towels,https://www.ikea.com/de/en/cat/towels-20520/
Germany,Home,Towels,https://www.next.de/en/shop/department-homeware-productaffiliation-bathroomtextiles/category-towels,https://www.beliani.de/bathroom-furniture/towel/
Germany,Home,Bed Sheets,https://www.next.de/en/shop/department-homeware-productaffiliation-bedding/category-bedsheets,https://www.otto.de/heimtextilien/bettlaken/
Germany,Home,Bed Sheets,https://www.next.de/en/shop/department-homeware-productaffiliation-bedding/category-bedsheets,https://www.ikea.com/de/en/cat/towels-20520/
Germany,Home,Bed Sheets,https://www.next.de/en/shop/department-homeware-productaffiliation-bedding/category-bedsheets,https://www.beliani.de/textiles/bed-sheets/
Germany,Home,Ceiling Lights,https://www.next.de/en/shop/department-homeware-productaffiliation-lighting/category-ceilinglights,https://www.otto.de/lampen/deckenleuchten/
Germany,Home,Ceiling Lights,https://www.next.de/en/shop/department-homeware-productaffiliation-lighting/category-ceilinglights,https://www.ikea.com/de/en/cat/ceiling-lights-18750/
Germany,Home,Ceiling Lights,https://www.next.de/en/shop/department-homeware-productaffiliation-lighting/category-ceilinglights,https://www.beliani.de/lighting/ceiling-lights/
Germany,Home,Curtains,https://www.next.de/en/shop/department-homeware-productaffiliation-curtainsandblinds/category-curtains,https://www.otto.de/heimtextilien/gardinen/?ansicht=einstieg
Germany,Home,Curtains,https://www.next.de/en/shop/department-homeware-productaffiliation-curtainsandblinds/category-curtains,https://www.ikea.com/de/en/cat/curtains-10700/
Germany,Home,Cushions,https://www.next.de/en/shop/department-homeware-productaffiliation-cushionsandthrows/category-cushions,https://www.otto.de/heimtextilien/kissen/dekokissen/
Germany,Home,Cushions,https://www.next.de/en/shop/department-homeware-productaffiliation-cushionsandthrows/category-cushions,https://www.ikea.com/de/en/cat/cushions-18902/
Germany,Home,Cushions,https://www.next.de/en/shop/department-homeware-productaffiliation-cushionsandthrows/category-cushions,https://www.beliani.de/textiles/scatter-cushions/
Germany,Home,Bath Mats,https://www.next.de/en/shop/department-homeware-productaffiliation-bathroomtextiles/category-bathmats,https://www.otto.de/heimtextilien/badematten/
Germany,Home,Bath Mats,https://www.next.de/en/shop/department-homeware-productaffiliation-bathroomtextiles/category-bathmats,https://www.ikea.com/de/en/cat/bath-mats-20519/
Germany,Home,Bath Mats,https://www.next.de/en/shop/department-homeware-productaffiliation-bathroomtextiles/category-bathmats,https://www.beliani.de/bathroom-furniture/bathroom-mats/
Germany,Home,Table Lamps,https://www.next.de/en/shop/department-homeware-productaffiliation-lighting/category-desktablelamps,https://www.otto.de/lampen/tischleuchten/
Germany,Home,Table Lamps,https://www.next.de/en/shop/department-homeware-productaffiliation-lighting/category-desktablelamps,https://www.ikea.com/de/en/cat/table-lamps-10732/
Germany,Home,Table Lamps,https://www.next.de/en/shop/department-homeware-productaffiliation-lighting/category-desktablelamps,https://www.beliani.de/lighting/table-lamps/
United Arab Emirates,Home,Bed Sets,https://www.next.ae/en/shop/department-homeware-productaffiliation-bedding/category-bedsets,https://www.ikea.com/ae/en/cat/duvet-covers-bedding-sets-10680/
United Arab Emirates,Home,Bed Sets,https://www.next.ae/en/shop/department-homeware-productaffiliation-bedding/category-bedsets,https://www.homecentre.com/ae/en/c/household-bedding-comfortersandbedspreads-bedspreads
United Arab Emirates,Home,Bed Sets,https://www.next.ae/en/shop/department-homeware-productaffiliation-bedding/category-bedsets,https://www.zarahome.com/ae/bedroom-duvet-covers-n946
United Arab Emirates,Home,Towels,https://www.next.ae/en/shop/department-homeware-productaffiliation-bathroomtextiles/category-towels,https://www.ikea.com/ae/en/cat/towels-20520/
United Arab Emirates,Home,Towels,https://www.next.ae/en/shop/department-homeware-productaffiliation-bathroomtextiles/category-towels,https://www.homecentre.com/ae/en/c/household-bathandlaundry-bathlinen-towels
United Arab Emirates,Home,Towels,https://www.next.ae/en/shop/department-homeware-productaffiliation-bathroomtextiles/category-towels,https://www.zarahome.com/ae/bathroom-towels-n1051
United Arab Emirates,Home,Bed Sheets,https://www.next.ae/en/shop/department-homeware-productaffiliation-bedding/category-bedsheets,https://www.ikea.com/ae/en/cat/sheets-10681/
United Arab Emirates,Home,Bed Sheets,https://www.next.ae/en/shop/department-homeware-productaffiliation-bedding/category-bedsheets,https://www.homecentre.com/ae/en/c/household-bedding-sheetsandpillowcases
United Arab Emirates,Home,Bed Sheets,https://www.next.ae/en/shop/department-homeware-productaffiliation-bedding/category-bedsheets,https://www.zarahome.com/ae/bedroom-basic-sheets-n1799
United Arab Emirates,Home,Ceiling Lights,https://www.next.ae/en/shop/department-homeware-productaffiliation-lighting/category-ceilinglights,https://www.ikea.com/ae/en/cat/ceiling-lights-18750/
United Arab Emirates,Home,Ceiling Lights,https://www.next.ae/en/shop/department-homeware-productaffiliation-lighting/category-ceilinglights,https://www.homecentre.com/ae/en/c/household-lighting-ceilinglamps-pendantlamps
United Arab Emirates,Home,Ceiling Lights,https://www.next.ae/en/shop/department-homeware-productaffiliation-lighting/category-ceilinglights,https://www.zarahome.com/ae/lighting-ceiling-lamps-n4884
United Arab Emirates,Home,Curtains,https://www.next.ae/en/shop/department-homeware-productaffiliation-curtainsandblinds/category-curtains,https://www.ikea.com/ae/en/cat/curtains-10700/
United Arab Emirates,Home,Curtains,https://www.next.ae/en/shop/department-homeware-productaffiliation-curtainsandblinds/category-curtains,https://www.homecentre.com/ae/en/c/household-windows-curtains
United Arab Emirates,Home,Curtains,https://www.next.ae/en/shop/department-homeware-productaffiliation-curtainsandblinds/category-curtains,https://www.zarahome.com/ae/home-decor-curtains-blinds-n996
United Arab Emirates,Home,Cushions,https://www.next.ae/en/shop/department-homeware-productaffiliation-cushionsandthrows/category-cushions,https://www.ikea.com/ae/en/cat/bath-mats-20519/
United Arab Emirates,Home,Cushions,https://www.next.ae/en/shop/department-homeware-productaffiliation-cushionsandthrows/category-cushions,https://www.homecentre.com/ae/en/c/household-cushionsandthrows-filledcushions
United Arab Emirates,Home,Cushions,https://www.next.ae/en/shop/department-homeware-productaffiliation-cushionsandthrows/category-cushions,https://www.zarahome.com/ae/home-decor-cushions-couch-living-room-n994
United Arab Emirates,Home,Bath Mats,https://www.next.ae/en/shop/department-homeware-productaffiliation-bathroomtextiles/category-bathmats,https://www.homecentre.com/ae/en/c/household-bathandlaundry-bathlinen-bathmatsandtubmats
United Arab Emirates,Home,Bath Mats,https://www.next.ae/en/shop/department-homeware-productaffiliation-bathroomtextiles/category-bathmats,https://www.zarahome.com/ae/bathroom-bathmats-n1052
United Arab Emirates,Home,Table Lamps,https://www.next.ae/en/shop/department-homeware-productaffiliation-lighting/category-desktablelamps,https://www.ikea.com/ae/en/cat/table-lamps-10732/
United Arab Emirates,Home,Table Lamps,https://www.next.ae/en/shop/department-homeware-productaffiliation-lighting/category-desktablelamps,https://www.homecentre.com/ae/en/c/household-lighting-tableanddesklamps
United Arab Emirates,Home,Table Lamps,https://www.next.ae/en/shop/department-homeware-productaffiliation-lighting/category-desktablelamps,https://www.zarahome.com/ae/lighting-lamps-table-n4881
Israel,Home,Bed Sets,https://www.next.co.il/en/shop/department-homeware-productaffiliation-bedding/category-bedsets,https://www.ikea.com/il/he/cat/duvet-covers-bedding-sets-10680/
Israel,Home,Bed Sets,https://www.next.co.il/en/shop/department-homeware-productaffiliation-bedding/category-bedsets,https://www.homecenter.co.il/collections/bedding-set
Israel,Home,Towels,https://www.next.co.il/en/shop/department-homeware-productaffiliation-bathroomtextiles/category-towels,https://www.ikea.com/il/he/cat/towels-20520/
Israel,Home,Towels,https://www.next.co.il/en/shop/department-homeware-productaffiliation-bathroomtextiles/category-towels,https://www.homecenter.co.il/collections/bathroom-textiles
Israel,Home,Bed Sheets,https://www.next.co.il/en/shop/department-homeware-productaffiliation-bedding/category-bedsheets,https://www.ikea.com/il/he/cat/sheets-10681/
Israel,Home,Ceiling Lights,https://www.next.co.il/en/shop/department-homeware-productaffiliation-lighting/category-ceilinglights,https://www.ikea.com/il/he/cat/ceiling-lights-18750/
Israel,Home,Ceiling Lights,https://www.next.co.il/en/shop/department-homeware-productaffiliation-lighting/category-ceilinglights,https://www.homecenter.co.il/collections/ceiling-lamps
Israel,Home,Curtains,https://www.next.co.il/en/shop/department-homeware-productaffiliation-curtainsandblinds/category-curtains,https://www.ikea.com/il/he/cat/curtains-10700/
Israel,Home,Cushions,https://www.next.co.il/en/shop/department-homeware-productaffiliation-cushionsandthrows/category-cushions,https://www.ikea.com/il/he/cat/cushions-18902/
Israel,Home,Cushions,https://www.next.co.il/en/shop/department-homeware-productaffiliation-cushionsandthrows/category-cushions,https://www.homecenter.co.il/collections/cushions
Israel,Home,Bath Mats,https://www.next.co.il/en/shop/department-homeware-productaffiliation-bathroomtextiles/category-bathmats,https://www.ikea.com/il/he/cat/bath-mats-20519/
Israel,Home,Bath Mats,https://www.next.co.il/en/shop/department-homeware-productaffiliation-bathroomtextiles/category-bathmats,https://www.homecenter.co.il/collections/bath-mat
Israel,Home,Table Lamps,https://www.next.co.il/en/shop/department-homeware-productaffiliation-lighting/category-desktablelamps,https://www.ikea.com/il/he/cat/table-lamps-10732/
Israel,Home,Table Lamps,https://www.next.co.il/en/shop/department-homeware-productaffiliation-lighting/category-desktablelamps,https://www.homecenter.co.il/collections/desk-lamp
Saudi Arabia,Home,Bed Sets,https://www.next.sa/en/shop/department-homeware-productaffiliation-bedding/category-bedsets,https://www.ikea.com/sa/en/cat/duvet-covers-bedding-sets-10680/
Saudi Arabia,Home,Bed Sets,https://www.next.sa/en/shop/department-homeware-productaffiliation-bedding/category-bedsets,https://www.homecentre.com/sa/en/c/household-bedding-comfortersandbedspreads-bedspreads
Saudi Arabia,Home,Bed Sets,https://www.next.sa/en/shop/department-homeware-productaffiliation-bedding/category-bedsets,https://www.zarahome.com/sa/en/bedroom-duvet-covers-n946
Saudi Arabia,Home,Towels,https://www.next.sa/en/shop/department-homeware-productaffiliation-bathroomtextiles/category-towels,https://www.ikea.com/sa/en/cat/towels-20520/
Saudi Arabia,Home,Towels,https://www.next.sa/en/shop/department-homeware-productaffiliation-bathroomtextiles/category-towels,https://www.homecentre.com/sa/en/c/household-bathandlaundry-bathlinen-towels
Saudi Arabia,Home,Towels,https://www.next.sa/en/shop/department-homeware-productaffiliation-bathroomtextiles/category-towels,https://www.zarahome.com/sa/en/bathroom-towels-n1051
Saudi Arabia,Home,Bed Sheets,https://www.next.sa/en/shop/department-homeware-productaffiliation-bedding/category-bedsheets,https://www.ikea.com/sa/en/cat/sheets-10681/
Saudi Arabia,Home,Bed Sheets,https://www.next.sa/en/shop/department-homeware-productaffiliation-bedding/category-bedsheets,https://www.homecentre.com/sa/en/c/household-bedding-sheetsandpillowcases
Saudi Arabia,Home,Bed Sheets,https://www.next.sa/en/shop/department-homeware-productaffiliation-bedding/category-bedsheets,https://www.zarahome.com/sa/en/bedroom-basic-sheets-n1799
Saudi Arabia,Home,Ceiling Lights,https://www.next.sa/en/shop/department-homeware-productaffiliation-lighting/category-ceilinglights,https://www.ikea.com/sa/en/cat/ceiling-lights-18750/
Saudi Arabia,Home,Ceiling Lights,https://www.next.sa/en/shop/department-homeware-productaffiliation-lighting/category-ceilinglights,https://www.homecentre.com/sa/en/c/household-lighting-ceilinglamps-pendantlamps
Saudi Arabia,Home,Curtains,https://www.next.sa/en/shop/department-homeware-productaffiliation-curtainsandblinds/category-curtains,https://www.ikea.com/sa/en/cat/curtains-10700/
Saudi Arabia,Home,Curtains,https://www.next.sa/en/shop/department-homeware-productaffiliation-curtainsandblinds/category-curtains,https://www.homecentre.com/sa/en/c/household-windows-curtains
Saudi Arabia,Home,Curtains,https://www.next.sa/en/shop/department-homeware-productaffiliation-curtainsandblinds/category-curtains,https://www.zarahome.com/sa/en/home-decor-curtains-blinds-n996
Saudi Arabia,Home,Cushions,https://www.next.sa/en/shop/department-homeware-productaffiliation-cushionsandthrows/category-cushions,https://www.ikea.com/sa/en/cat/cushions-18902/
Saudi Arabia,Home,Cushions,https://www.next.sa/en/shop/department-homeware-productaffiliation-cushionsandthrows/category-cushions,https://www.homecentre.com/sa/en/c/household-cushionsandthrows-filledcushions
Saudi Arabia,Home,Cushions,https://www.next.sa/en/shop/department-homeware-productaffiliation-cushionsandthrows/category-cushions,https://www.zarahome.com/sa/en/home-decor-cushions-couch-living-room-n994
Saudi Arabia,Home,Bath Mats,https://www.next.sa/en/shop/department-homeware-productaffiliation-bathroomtextiles/category-bathmats,https://www.ikea.com/sa/en/cat/bath-mats-20519/
Saudi Arabia,Home,Bath Mats,https://www.next.sa/en/shop/department-homeware-productaffiliation-bathroomtextiles/category-bathmats,https://www.homecentre.com/sa/en/c/household-bathandlaundry-bathlinen-bathmatsandtubmats
Saudi Arabia,Home,Bath Mats,https://www.next.sa/en/shop/department-homeware-productaffiliation-bathroomtextiles/category-bathmats,https://www.zarahome.com/sa/en/bathroom-bathmats-n1052
Saudi Arabia,Home,Table Lamps,https://www.next.sa/en/shop/department-homeware-productaffiliation-lighting/category-desktablelamps,https://www.ikea.com/sa/en/cat/table-lamps-10732/
Saudi Arabia,Home,Table Lamps,https://www.next.sa/en/shop/department-homeware-productaffiliation-lighting/category-desktablelamps,https://www.homecentre.com/sa/en/c/household-lighting-tableanddesklamps
Australia,Home,Bed Sets,https://www.next.com.au/en/shop/home/bedding/bed-linen-sets/f/category-bedsets,https://www.ikea.com/au/en/cat/quilt-cover-sets-10680/
Australia,Home,Bed Sets,https://www.next.com.au/en/shop/home/bedding/bed-linen-sets/f/category-bedsets,https://www.myer.com.au/c/home/bedding/quilt-covers
Australia,Home,Towels,https://www.next.com.au/en/shop/home/bathroom/bathroom-textiles/f/category-towels,https://www.ikea.com/au/en/cat/towels-20520/
Australia,Home,Towels,https://www.next.com.au/en/shop/home/bathroom/bathroom-textiles/f/category-towels,https://www.myer.com.au/c//home/bathroom/bath-towels
Australia,Home,Bed Sheets,https://www.next.com.au/en/shop/home/bedroom/f/category-bedsheets,https://www.ikea.com/au/en/cat/bedsheets-10681/
Australia,Home,Ceiling Lights,https://www.next.com.au/en/shop/home/lighting/ceiling-lights,https://www.ikea.com/au/en/cat/ceiling-lights-18750/
Australia,Home,Ceiling Lights,https://www.next.com.au/en/shop/home/lighting/ceiling-lights,https://www.myer.com.au/c/home/furniture-home-decor/lighting-1/indoor-lights/ceiling-lights
Australia,Home,Curtains,https://www.next.com.au/en/shop/home/home-furnishings/curtains-and-blinds/f/category-curtains,https://www.ikea.com/au/en/cat/curtains-10700/
Australia,Home,Curtains,https://www.next.com.au/en/shop/home/home-furnishings/curtains-and-blinds/f/category-curtains,https://www.myer.com.au/search?query=curtains
Australia,Home,Cushions,https://www.next.com.au/en/shop/home/cushions-and-throws/f/category-cushions,https://www.ikea.com/au/en/cat/cushions
Australia,Home,Cushions,https://www.next.com.au/en/shop/home/cushions-and-throws/f/category-cushions,https://www.myer.com.au/c/home/furniture-home-decor/cushions/bedroom-cushions
Australia,Home,Bath Mats,https://www.next.com.au/en/shop/home/bathroom/bathroom-textiles/f/category-bathmats,https://www.ikea.com/au/en/cat/bath-mats-20519/
Australia,Home,Bath Mats,https://www.next.com.au/en/shop/home/bathroom/bathroom-textiles/f/category-bathmats,https://www.myer.com.au/c/home/allbathroom/bathroom-bath-mats
Australia,Home,Table Lamps,https://www.next.com.au/en/shop/home/lighting/desk-table-lamps,https://www.ikea.com/au/en/cat/bedside-desk-lamps-10732/
Australia,Home,Table Lamps,https://www.next.com.au/en/shop/home/lighting/desk-table-lamps,https://www.myer.com.au/c/home/furniture-home-decor/lighting-1/lighting-lamps/lights-table-lamps
Malta,Home,Bed Sets,https://www.next.com.mt/en/shop/department-homeware-productaffiliation-bedding/category-bedsets,https://www.zarahome.com/mt/bedroom-bedspreads-n951
Malta,Home,Bed Sets,https://www.next.com.mt/en/shop/department-homeware-productaffiliation-bedding/category-bedsets,https://www.homemate.com.mt/product-category/bedspreads
Malta,Home,Bed Sets,https://www.next.com.mt/en/shop/department-homeware-productaffiliation-bedding/category-bedsets,https://www.theatrium.com.mt/textiles/bedspreads-duvets-quilts
Malta,Home,Towels,https://www.next.com.mt/en/shop/department-homeware-productaffiliation-bathroomtextiles/category-towels,https://www.zarahome.com/mt/bathroom-towels-n1051
Malta,Home,Towels,https://www.next.com.mt/en/shop/department-homeware-productaffiliation-bathroomtextiles/category-towels,https://www.homemate.com.mt/product-category/bath-linen-towels
Malta,Home,Towels,https://www.next.com.mt/en/shop/department-homeware-productaffiliation-bathroomtextiles/category-towels,https://www.theatrium.com.mt/textiles/bath-linen-towels
Malta,Home,Bed Sheets,https://www.next.com.mt/en/shop/department-homeware-productaffiliation-bedding/category-bedsheets,https://www.zarahome.com/mt/bedroom-fitted-sheets-n948
Malta,Home,Bed Sheets,https://www.next.com.mt/en/shop/department-homeware-productaffiliation-bedding/category-bedsheets,https://www.homemate.com.mt/product-category/bed-sheets
Malta,Home,Bed Sheets,https://www.next.com.mt/en/shop/department-homeware-productaffiliation-bedding/category-bedsheets,https://www.theatrium.com.mt/textiles/bed-sheets
Malta,Home,Ceiling Lights,https://www.next.com.mt/en/shop/department-homeware-productaffiliation-lighting/category-ceilinglights,https://www.zarahome.com/mt/lighting-ceiling-lamps-n4884
Malta,Home,Ceiling Lights,https://www.next.com.mt/en/shop/department-homeware-productaffiliation-lighting/category-ceilinglights,https://www.homemate.com.mt/product-category/indoor-hanging-lights
Malta,Home,Ceiling Lights,https://www.next.com.mt/en/shop/department-homeware-productaffiliation-lighting/category-ceilinglights,https://www.theatrium.com.mt/lighting/chandeliers-pendants
Malta,Home,Curtains,https://www.next.com.mt/en/shop/department-homeware-productaffiliation-curtainsandblinds/category-curtains,https://www.zarahome.com/mt/home-decor-curtains-blinds-n996
Malta,Home,Curtains,https://www.next.com.mt/en/shop/department-homeware-productaffiliation-curtainsandblinds/category-curtains,https://www.homemate.com.mt/product-category/curtains
Malta,Home,Curtains,https://www.next.com.mt/en/shop/department-homeware-productaffiliation-curtainsandblinds/category-curtains,https://www.theatrium.com.mt/textiles/curtains-blinds
Malta,Home,Cushions,https://www.next.com.mt/en/shop/department-homeware-productaffiliation-cushionsandthrows/category-cushions,https://www.zarahome.com/mt/home-decor-cushions-couch-living-room-n994
Malta,Home,Cushions,https://www.next.com.mt/en/shop/department-homeware-productaffiliation-cushionsandthrows/category-cushions,https://www.homemate.com.mt/product-category/cushions-cushion-covers
Malta,Home,Cushions,https://www.next.com.mt/en/shop/department-homeware-productaffiliation-cushionsandthrows/category-cushions,https://www.theatrium.com.mt/textiles/cushions-covers
Malta,Home,Bath Mats,https://www.next.com.mt/en/shop/department-homeware-productaffiliation-bathroomtextiles/category-bathmats,https://www.zarahome.com/mt/bathroom-bathmats-n1052
Malta,Home,Bath Mats,https://www.next.com.mt/en/shop/department-homeware-productaffiliation-bathroomtextiles/category-bathmats,https://www.theatrium.com.mt/textiles/bathroom-carpets
Malta,Home,Table Lamps,https://www.next.com.mt/en/shop/department-homeware-productaffiliation-lighting/category-desktablelamps,https://www.zarahome.com/mt/lighting-lamps-table-n4881
Malta,Home,Table Lamps,https://www.next.com.mt/en/shop/department-homeware-productaffiliation-lighting/category-desktablelamps,https://www.homemate.com.mt/product-category/lamps
Malta,Home,Table Lamps,https://www.next.com.mt/en/shop/department-homeware-productaffiliation-lighting/category-desktablelamps,https://www.theatrium.com.mt/lighting/table-lamps
Qatar,Home,Bed Sets,https://www.next.qa/en/shop/department-homeware-productaffiliation-bedding/category-bedsets,https://www.ikea.com/qa/en/cat/duvet-covers-bedding-sets-10680/
Qatar,Home,Bed Sets,https://www.next.qa/en/shop/department-homeware-productaffiliation-bedding/category-bedsets,https://www.homecentre.com/qa/en/c/household-bedding-comfortersandbedspreads-bedspreads
Qatar,Home,Bed Sets,https://www.next.qa/en/shop/department-homeware-productaffiliation-bedding/category-bedsets,https://www.zarahome.com/qa/en/bedroom-duvet-covers-n946
Qatar,Home,Towels,https://www.next.qa/en/shop/department-homeware-productaffiliation-bathroomtextiles/category-towels,https://www.ikea.com/qa/en/cat/towels-20520/
Qatar,Home,Towels,https://www.next.qa/en/shop/department-homeware-productaffiliation-bathroomtextiles/category-towels,https://www.homecentre.com/qa/en/c/household-bathandlaundry-bathlinen-towels
Qatar,Home,Towels,https://www.next.qa/en/shop/department-homeware-productaffiliation-bathroomtextiles/category-towels,https://www.zarahome.com/qa/en/bathroom-towels-n1051
Qatar,Home,Bed Sheets,https://www.next.qa/en/shop/department-homeware-productaffiliation-bedding/category-bedsheets,https://www.ikea.com/qa/en/cat/sheets-10681/
Qatar,Home,Bed Sheets,https://www.next.qa/en/shop/department-homeware-productaffiliation-bedding/category-bedsheets,https://www.homecentre.com/qa/en/c/household-bedding-sheetsandpillowcases
Qatar,Home,Bed Sheets,https://www.next.qa/en/shop/department-homeware-productaffiliation-bedding/category-bedsheets,https://www.zarahome.com/qa/en/bedroom-basic-sheets-n1799
Qatar,Home,Ceiling Lights,https://www.next.qa/en/shop/department-homeware-productaffiliation-lighting/category-ceilinglights,https://www.ikea.com/qa/en/cat/ceiling-lights-18750/
Qatar,Home,Ceiling Lights,https://www.next.qa/en/shop/department-homeware-productaffiliation-lighting/category-ceilinglights,https://www.homecentre.com/qa/en/c/household-lighting-ceilinglamps-pendantlamps
Qatar,Home,Curtains,https://www.next.qa/en/shop/department-homeware-productaffiliation-curtainsandblinds/category-curtains,https://www.ikea.com/qa/en/cat/curtains-10700/
Qatar,Home,Curtains,https://www.next.qa/en/shop/department-homeware-productaffiliation-curtainsandblinds/category-curtains,https://www.homecentre.com/qa/en/c/household-windows-curtains
Qatar,Home,Curtains,https://www.next.qa/en/shop/department-homeware-productaffiliation-curtainsandblinds/category-curtains,https://www.zarahome.com/qa/en/home-decor-curtains-blinds-n996
Qatar,Home,Cushions,https://www.next.qa/en/shop/department-homeware-productaffiliation-cushionsandthrows/category-cushions,https://www.ikea.com/qa/en/cat/cushions-18902/
Qatar,Home,Cushions,https://www.next.qa/en/shop/department-homeware-productaffiliation-cushionsandthrows/category-cushions,https://www.homecentre.com/qa/en/c/household-cushionsandthrows-filledcushions
Qatar,Home,Cushions,https://www.next.qa/en/shop/department-homeware-productaffiliation-cushionsandthrows/category-cushions,https://www.zarahome.com/qa/en/home-decor-cushions-couch-living-room-n994
Qatar,Home,Bath Mats,https://www.next.qa/en/shop/department-homeware-productaffiliation-bathroomtextiles/category-bathmats,https://www.ikea.com/qa/en/cat/bath-mats-20519/
Qatar,Home,Bath Mats,https://www.next.qa/en/shop/department-homeware-productaffiliation-bathroomtextiles/category-bathmats,https://www.homecentre.com/qa/en/c/household-bathandlaundry-bathlinen-bathmatsandtubmats
Qatar,Home,Bath Mats,https://www.next.qa/en/shop/department-homeware-productaffiliation-bathroomtextiles/category-bathmats,https://www.zarahome.com/qa/en/bathroom-bathmats-n1052
Qatar,Home,Table Lamps,https://www.next.qa/en/shop/department-homeware-productaffiliation-lighting/category-desktablelamps,https://www.ikea.com/qa/en/cat/table-lamps-10732/
Qatar,Home,Table Lamps,https://www.next.qa/en/shop/department-homeware-productaffiliation-lighting/category-desktablelamps,https://www.homecentre.com/qa/en/c/household-lighting-tableanddesklamps
Qatar,Home,Table Lamps,https://www.next.qa/en/shop/department-homeware-productaffiliation-lighting/category-desktablelamps,https://www.zarahome.com/qa/en/lighting-lamps-table-n4881
Kuwait,Home,Bed Sets,https://www.nextdirect.com/kw/en/shop/department-homeware-productaffiliation-bedding/category-bedsets,https://www.ikea.com/kw/en/cat/duvet-covers-bedding-sets-10680/
Kuwait,Home,Bed Sets,https://www.nextdirect.com/kw/en/shop/department-homeware-productaffiliation-bedding/category-bedsets,https://www.homecentre.com/kw/en/c/household-bedding-comfortersandbedspreads-bedspreads
Kuwait,Home,Bed Sets,https://www.nextdirect.com/kw/en/shop/department-homeware-productaffiliation-bedding/category-bedsets,https://www.zarahome.com/kw/en/bedroom-bedspreads-n951
Kuwait,Home,Towels,https://www.nextdirect.com/kw/en/shop/department-homeware-productaffiliation-bathroomtextiles/category-towels,https://www.ikea.com/kw/en/cat/towels-20520/
Kuwait,Home,Towels,https://www.nextdirect.com/kw/en/shop/department-homeware-productaffiliation-bathroomtextiles/category-towels,https://www.homecentre.com/kw/en/c/household-bathandlaundry-bathlinen-towels
Kuwait,Home,Towels,https://www.nextdirect.com/kw/en/shop/department-homeware-productaffiliation-bathroomtextiles/category-towels,https://www.zarahome.com/kw/en/bathroom-towels-n1051
Kuwait,Home,Bed Sheets,https://www.nextdirect.com/kw/en/shop/department-homeware-productaffiliation-bedding/category-bedsheets,https://www.ikea.com/kw/en/cat/sheets-10681/
Kuwait,Home,Bed Sheets,https://www.nextdirect.com/kw/en/shop/department-homeware-productaffiliation-bedding/category-bedsheets,https://www.homecentre.com/kw/en/c/household-bedding-sheetsandpillowcases
Kuwait,Home,Bed Sheets,https://www.nextdirect.com/kw/en/shop/department-homeware-productaffiliation-bedding/category-bedsheets,https://www.zarahome.com/kw/en/bedroom-basic-sheets-n1799
Kuwait,Home,Ceiling Lights,https://www.nextdirect.com/kw/en/shop/department-homeware-productaffiliation-lighting/category-ceilinglights,https://www.ikea.com/kw/en/cat/ceiling-lights-18750/
Kuwait,Home,Ceiling Lights,https://www.nextdirect.com/kw/en/shop/department-homeware-productaffiliation-lighting/category-ceilinglights,https://www.homecentre.com/kw/en/c/household-lighting-ceilinglamps-pendantlamps
Kuwait,Home,Ceiling Lights,https://www.nextdirect.com/kw/en/shop/department-homeware-productaffiliation-lighting/category-ceilinglights,https://www.zarahome.com/kw/en/search.html?term=ceiling%20light
Kuwait,Home,Curtains,https://www.nextdirect.com/kw/en/shop/department-homeware-productaffiliation-curtainsandblinds/category-curtains,https://www.ikea.com/kw/en/cat/curtains-10700/
Kuwait,Home,Curtains,https://www.nextdirect.com/kw/en/shop/department-homeware-productaffiliation-curtainsandblinds/category-curtains,https://www.homecentre.com/kw/en/c/household-windows-curtains
Kuwait,Home,Curtains,https://www.nextdirect.com/kw/en/shop/department-homeware-productaffiliation-curtainsandblinds/category-curtains,https://www.zarahome.com/kw/en/home-decor-curtains-blinds-n996
Kuwait,Home,Cushions,https://www.nextdirect.com/kw/en/shop/department-homeware-productaffiliation-cushionsandthrows/category-cushions,https://www.ikea.com/kw/en/cat/cushions-18902/
Kuwait,Home,Cushions,https://www.nextdirect.com/kw/en/shop/department-homeware-productaffiliation-cushionsandthrows/category-cushions,https://www.homecentre.com/kw/en/c/household-cushionsandthrows-filledcushions
Kuwait,Home,Cushions,https://www.nextdirect.com/kw/en/shop/department-homeware-productaffiliation-cushionsandthrows/category-cushions,https://www.zarahome.com/kw/en/home-decor-cushions-couch-living-room-n994
Kuwait,Home,Bath Mats,https://www.nextdirect.com/kw/en/shop/department-homeware-productaffiliation-bathroomtextiles/category-bathmats,https://www.ikea.com/kw/en/cat/bath-mats-20519/
Kuwait,Home,Bath Mats,https://www.nextdirect.com/kw/en/shop/department-homeware-productaffiliation-bathroomtextiles/category-bathmats,https://www.homecentre.com/kw/en/c/household-bathandlaundry-bathlinen-bathmatsandtubmats
Kuwait,Home,Bath Mats,https://www.nextdirect.com/kw/en/shop/department-homeware-productaffiliation-bathroomtextiles/category-bathmats,https://www.zarahome.com/kw/en/bathroom-bathmats-n1052
Kuwait,Home,Table Lamps,https://www.nextdirect.com/kw/en/shop/department-homeware-productaffiliation-lighting/category-desktablelamps,https://www.ikea.com/kw/en/cat/table-lamps-10732/
Kuwait,Home,Table Lamps,https://www.nextdirect.com/kw/en/shop/department-homeware-productaffiliation-lighting/category-desktablelamps,https://www.homecentre.com/kw/en/c/household-lighting-tableanddesklamps
Kuwait,Home,Table Lamps,https://www.nextdirect.com/kw/en/shop/department-homeware-productaffiliation-lighting/category-desktablelamps,https://www.zarahome.com/kw/en/search.html?term=table%20lamp
Ukraine,Home,Bed Sets,https://www.next.ua/en/shop/department-homeware-productaffiliation-bedding/category-bedsets,https://rozetka.com.ua/ua/bed_linen/c169827/
Ukraine,Home,Bed Sets,https://www.next.ua/en/shop/department-homeware-productaffiliation-bedding/category-bedsets,https://jysk.ua/spalnya/komplekti-bilizni
Ukraine,Home,Towels,https://www.next.ua/en/shop/department-homeware-productaffiliation-bathroomtextiles/category-towels,https://rozetka.com.ua/ua/towels/c169829/
Ukraine,Home,Towels,https://www.next.ua/en/shop/department-homeware-productaffiliation-bathroomtextiles/category-towels,https://jysk.ua/vanna/rushniki
Ukraine,Home,Bed Sheets,https://www.next.ua/en/shop/department-homeware-productaffiliation-bedding/category-bedsheets,https://rozetka.com.ua/ua/prostini/c4672388/
Ukraine,Home,Bed Sheets,https://www.next.ua/en/shop/department-homeware-productaffiliation-bedding/category-bedsheets,https://jysk.ua/spalnya/prostiradla
Ukraine,Home,Ceiling Lights,https://www.next.ua/en/shop/department-homeware-productaffiliation-lighting/category-ceilinglights,https://build.rozetka.com.ua/ua/bra-i-nastennye-svetilniki/c105282/
Ukraine,Home,Ceiling Lights,https://www.next.ua/en/shop/department-homeware-productaffiliation-lighting/category-ceilinglights,https://jysk.ua/dlya-domu/osvitlennya/lampi
Ukraine,Home,Ceiling Lights,https://www.next.ua/en/shop/department-homeware-productaffiliation-lighting/category-ceilinglights,https://epicentrk.ua/ua/shop/nastenno-potolochnye-svetilniki/
Ukraine,Home,Curtains,https://www.next.ua/en/shop/department-homeware-productaffiliation-curtainsandblinds/category-curtains,https://build.rozetka.com.ua/ua/nastolnye-lampy/c105280/
Ukraine,Home,Curtains,https://www.next.ua/en/shop/department-homeware-productaffiliation-curtainsandblinds/category-curtains,https://epicentrk.ua/ua/shop/shtory/
Ukraine,Home,Cushions,https://www.next.ua/en/shop/department-homeware-productaffiliation-cushionsandthrows/category-cushions,https://jysk.ua/dlya-domu/podushki-na-stilci
Ukraine,Home,Bath Mats,https://www.next.ua/en/shop/department-homeware-productaffiliation-bathroomtextiles/category-bathmats,https://jysk.ua/vanna/kilimki-dlya-vannoi
Ukraine,Home,Table Lamps,https://www.next.ua/en/shop/department-homeware-productaffiliation-lighting/category-desktablelamps,https://build.rozetka.com.ua/ua/nastolnye-lampy/c105280/
Ukraine,Home,Table Lamps,https://www.next.ua/en/shop/department-homeware-productaffiliation-lighting/category-desktablelamps,https://jysk.ua/dlya-domu/osvitlennya/lampi
Ukraine,Home,Table Lamps,https://www.next.ua/en/shop/department-homeware-productaffiliation-lighting/category-desktablelamps,https://epicentrk.ua/ua/shop/nastolnye-lampy/
Hong Kong,Home,Bed Sets,https://www.nextdirect.com/hk/en/shop/department-homeware-productaffiliation-bedding/category-bedsets,https://www.ikea.com.hk/en/products/bed-linen/duvet-cover-sets
Hong Kong,Home,Bed Sets,https://www.nextdirect.com/hk/en/shop/department-homeware-productaffiliation-bedding/category-bedsets,https://www.zarahome.com/hk/bedroom-bedspreads-n951
Hong Kong,Home,Towels,https://www.nextdirect.com/hk/en/shop/department-homeware-productaffiliation-bathroomtextiles/category-towels,https://www.ikea.com.hk/en/products/bathroom-textiles/towels
Hong Kong,Home,Towels,https://www.nextdirect.com/hk/en/shop/department-homeware-productaffiliation-bathroomtextiles/category-towels,https://www.zarahome.com/hk/bathroom-towels-n1051
Hong Kong,Home,Bed Sheets,https://www.nextdirect.com/hk/en/shop/department-homeware-productaffiliation-bedding/category-bedsheets,https://www.ikea.com.hk/en/products/bed-linen/bed-sheets
Hong Kong,Home,Bed Sheets,https://www.nextdirect.com/hk/en/shop/department-homeware-productaffiliation-bedding/category-bedsheets,https://www.zarahome.com/hk/bedroom-fitted-sheets-n948
Hong Kong,Home,Ceiling Lights,https://www.nextdirect.com/hk/en/shop/department-homeware-productaffiliation-lighting/category-ceilinglights,https://www.ikea.com.hk/en/products/lamp-and-shades/ceiling-lamps-and-spotlights
Hong Kong,Home,Ceiling Lights,https://www.nextdirect.com/hk/en/shop/department-homeware-productaffiliation-lighting/category-ceilinglights,https://www.zarahome.com/hk/lighting-ceiling-lamps-n4884
Hong Kong,Home,Curtains,https://www.nextdirect.com/hk/en/shop/department-homeware-productaffiliation-curtainsandblinds/category-curtains,https://www.ikea.com.hk/en/products/curtains-and-blinds/curtains
Hong Kong,Home,Curtains,https://www.nextdirect.com/hk/en/shop/department-homeware-productaffiliation-curtainsandblinds/category-curtains,https://www.zarahome.com/hk/home-decor-curtains-blinds-n996
Hong Kong,Home,Cushions,https://www.nextdirect.com/hk/en/shop/department-homeware-productaffiliation-cushionsandthrows/category-cushions,https://www.ikea.com.hk/en/products/cushions-and-accessories/cushions-and-cushion-covers?tags[]=2814
Hong Kong,Home,Cushions,https://www.nextdirect.com/hk/en/shop/department-homeware-productaffiliation-cushionsandthrows/category-cushions,https://www.zarahome.com/hk/home-decor-cushions-couch-living-room-n994
Hong Kong,Home,Bath Mats,https://www.nextdirect.com/hk/en/shop/department-homeware-productaffiliation-bathroomtextiles/category-bathmats,https://www.ikea.com.hk/en/products/bathroom-textiles/bathmats
Hong Kong,Home,Bath Mats,https://www.nextdirect.com/hk/en/shop/department-homeware-productaffiliation-bathroomtextiles/category-bathmats,https://www.zarahome.com/hk/bathroom-bathmats-n1052
Hong Kong,Home,Table Lamps,https://www.nextdirect.com/hk/en/shop/department-homeware-productaffiliation-lighting/category-desktablelamps,https://www.ikea.com.hk/en/products/lamp-and-shades/table-lamps
Hong Kong,Home,Table Lamps,https://www.nextdirect.com/hk/en/shop/department-homeware-productaffiliation-lighting/category-desktablelamps,https://www.zarahome.com/hk/lighting-lamps-table-n4881
Holland,Home,Bed Sets,https://www.nextdirect.com/nl/en/shop/department-homeware-productaffiliation-bedding/category-bedsets,https://www.ikea.com/nl/en/cat/quilt-cover-sets-10680/
Holland,Home,Bed Sets,https://www.nextdirect.com/nl/en/shop/department-homeware-productaffiliation-bedding/category-bedsets,https://www.bol.com/nl/nl/l/dekbedovertrekken/14194/?bltgh=ae2fd143-ec43-49ce-9f1a-14c53f70caff.g.i.QueryContextHook
Holland,Home,Towels,https://www.nextdirect.com/nl/en/shop/department-homeware-productaffiliation-bathroomtextiles/category-towels,https://www.ikea.com/nl/en/cat/towels-20520/
Holland,Home,Towels,https://www.nextdirect.com/nl/en/shop/department-homeware-productaffiliation-bathroomtextiles/category-towels,https://www.bol.com/nl/nl/ra/2-1-gratis-op-handdoeken-van-o-a-walra-en-beddinghouse/440207+14239/?cid=1757757360102-8203159796218&bltgh=f037736a-1955-4e9d-a0f4-a5a74d78f8dc.ProductList_Top.Banner&promo=main_605_C440207_0_MHP_1_200030544
Holland,Home,Bed Sheets,https://www.nextdirect.com/nl/en/shop/department-homeware-productaffiliation-bedding/category-bedsheets,https://www.ikea.com/nl/en/cat/bed-sheets-10681/
Holland,Home,Bed Sheets,https://www.nextdirect.com/nl/en/shop/department-homeware-productaffiliation-bedding/category-bedsheets,https://www.bol.com/nl/nl/l/hoeslakens/14196/
Holland,Home,Ceiling Lights,https://www.nextdirect.com/nl/en/shop/department-homeware-productaffiliation-lighting/category-ceilinglights,https://www.ikea.com/nl/en/cat/ceiling-lights-18750/
Holland,Home,Ceiling Lights,https://www.nextdirect.com/nl/en/shop/department-homeware-productaffiliation-lighting/category-ceilinglights,https://www.bol.com/nl/nl/ra/licht-je-huis-op-met-verlichting/457060+14260/
Holland,Home,Curtains,https://www.nextdirect.com/nl/en/shop/department-homeware-productaffiliation-curtainsandblinds/category-curtains,https://www.ikea.com/nl/en/cat/curtains-10700/
Holland,Home,Curtains,https://www.nextdirect.com/nl/en/shop/department-homeware-productaffiliation-curtainsandblinds/category-curtains,https://www.bol.com/nl/nl/l/gordijnen/20770/?bltgh=d20852ef-af92-4503-a335-043e910af852.g.i.QueryContextHook
Holland,Home,Cushions,https://www.nextdirect.com/nl/en/shop/department-homeware-productaffiliation-cushionsandthrows/category-cushions,https://www.ikea.com/nl/en/cat/cushions-18902/
Holland,Home,Cushions,https://www.nextdirect.com/nl/en/shop/department-homeware-productaffiliation-cushionsandthrows/category-cushions,https://www.bol.com/nl/nl/l/kussentjes/14131/?bltgh=068d308b-74b3-4397-9ffa-d0812a6e63a5.g.i.QueryContextHook
Holland,Home,Bath Mats,https://www.nextdirect.com/nl/en/shop/department-homeware-productaffiliation-bathroomtextiles/category-bathmats,https://www.ikea.com/nl/en/cat/bath-mats-20519/
Holland,Home,Bath Mats,https://www.nextdirect.com/nl/en/shop/department-homeware-productaffiliation-bathroomtextiles/category-bathmats,https://www.bol.com/nl/nl/l/badmatten/14242/?bltgh=e3c279e9-a5f9-487e-ad6c-be91c7bdd275.g.i.QueryContextHook
Holland,Home,Table Lamps,https://www.nextdirect.com/nl/en/shop/department-homeware-productaffiliation-lighting/category-desktablelamps,https://www.ikea.com/nl/en/cat/table-lamps-10732/
Holland,Home,Table Lamps,https://www.nextdirect.com/nl/en/shop/department-homeware-productaffiliation-lighting/category-desktablelamps,https://www.bol.com/nl/nl/ra/licht-je-huis-op-met-verlichting/457060+44092/
Singapore,Home,Bed Sets,https://www.next.sg/en/shop/department-homeware-productaffiliation-bedding/category-bedsets,https://www.ikea.com/sg/en/cat/bed-linen-10651/
Singapore,Home,Bed Sets,https://www.next.sg/en/shop/department-homeware-productaffiliation-bedding/category-bedsets,https://www.zarahome.com/sg/bedroom-bedspreads-n951
Singapore,Home,Towels,https://www.next.sg/en/shop/department-homeware-productaffiliation-bathroomtextiles/category-towels,https://www.ikea.com/sg/en/cat/towels-20520/
Singapore,Home,Towels,https://www.next.sg/en/shop/department-homeware-productaffiliation-bathroomtextiles/category-towels,https://www.zarahome.com/sg/bathroom-towels-n1051
Singapore,Home,Bed Sheets,https://www.next.sg/en/shop/department-homeware-productaffiliation-bedding/category-bedsheets,https://www.ikea.com/sg/en/cat/bedsheets-10681/
Singapore,Home,Bed Sheets,https://www.next.sg/en/shop/department-homeware-productaffiliation-bedding/category-bedsheets,https://www.zarahome.com/sg/bedroom-fitted-sheets-n948
Singapore,Home,Ceiling Lights,https://www.next.sg/en/shop/department-homeware-productaffiliation-lighting/category-ceilinglights,https://www.ikea.com/sg/en/cat/ceiling-lights-18750/
Singapore,Home,Ceiling Lights,https://www.next.sg/en/shop/department-homeware-productaffiliation-lighting/category-ceilinglights,https://www.zarahome.com/sg/lighting-ceiling-lamps-n4884
Singapore,Home,Curtains,https://www.next.sg/en/shop/department-homeware-productaffiliation-curtainsandblinds/category-curtains,https://www.ikea.com/sg/en/cat/curtains-10700/
Singapore,Home,Curtains,https://www.next.sg/en/shop/department-homeware-productaffiliation-curtainsandblinds/category-curtains,https://www.zarahome.com/sg/home-decor-curtains-blinds-n996
Singapore,Home,Cushions,https://www.next.sg/en/shop/department-homeware-productaffiliation-cushionsandthrows/category-cushions,https://www.ikea.com/sg/en/cat/cushions-18902
Singapore,Home,Cushions,https://www.next.sg/en/shop/department-homeware-productaffiliation-cushionsandthrows/category-cushions,https://www.zarahome.com/sg/home-decor-cushions-couch-living-room-n994
Singapore,Home,Bath Mats,https://www.next.sg/en/shop/department-homeware-productaffiliation-bathroomtextiles/category-bathmats,https://www.ikea.com/sg/en/cat/bath-mats-20519/
Singapore,Home,Bath Mats,https://www.next.sg/en/shop/department-homeware-productaffiliation-bathroomtextiles/category-bathmats,https://www.zarahome.com/sg/bathroom-bathmats-n1052
Singapore,Home,Table Lamps,https://www.next.sg/en/shop/department-homeware-productaffiliation-lighting/category-desktablelamps,https://www.ikea.com/sg/en/cat/bedside-desk-lamps-10732/
Singapore,Home,Table Lamps,https://www.next.sg/en/shop/department-homeware-productaffiliation-lighting/category-desktablelamps,https://www.zarahome.com/sg/lighting-lamps-table-n4881
Switzerland,Home,Bed Sets,https://www.nextdirect.com/ch/en/shop/department-homeware-productaffiliation-bedding/category-bedsets,https://www.ikea.com/ch/en/cat/bed-linen-10651/
Switzerland,Home,Bed Sets,https://www.nextdirect.com/ch/en/shop/department-homeware-productaffiliation-bedding/category-bedsets,https://www.zarahome.com/ch/bedroom-bedspreads-n951
Switzerland,Home,Towels,https://www.nextdirect.com/ch/en/shop/department-homeware-productaffiliation-bathroomtextiles/category-towels,https://www.ikea.com/ch/en/cat/towels-20520/
Switzerland,Home,Towels,https://www.nextdirect.com/ch/en/shop/department-homeware-productaffiliation-bathroomtextiles/category-towels,https://www.zarahome.com/ch/bathroom-towels-n1051
Switzerland,Home,Bed Sheets,https://www.nextdirect.com/ch/en/shop/department-homeware-productaffiliation-bedding/category-bedsheets,https://www.ikea.com/ch/en/cat/bedsheets-10681/
Switzerland,Home,Bed Sheets,https://www.nextdirect.com/ch/en/shop/department-homeware-productaffiliation-bedding/category-bedsheets,https://www.zarahome.com/ch/bedroom-fitted-sheets-n948
Switzerland,Home,Ceiling Lights,https://www.nextdirect.com/ch/en/shop/department-homeware-productaffiliation-lighting/category-ceilinglights,https://www.ikea.com/ch/en/cat/ceiling-lights-18750/
Switzerland,Home,Ceiling Lights,https://www.nextdirect.com/ch/en/shop/department-homeware-productaffiliation-lighting/category-ceilinglights,https://www.zarahome.com/ch/lighting-ceiling-lamps-n4884
Switzerland,Home,Curtains,https://www.nextdirect.com/ch/en/shop/department-homeware-productaffiliation-curtainsandblinds/category-curtains,https://www.ikea.com/ch/en/cat/curtains-10700/
Switzerland,Home,Curtains,https://www.nextdirect.com/ch/en/shop/department-homeware-productaffiliation-curtainsandblinds/category-curtains,https://www.zarahome.com/ch/home-decor-curtains-blinds-n996
Switzerland,Home,Cushions,https://www.nextdirect.com/ch/en/shop/department-homeware-productaffiliation-cushionsandthrows/category-cushions,https://www.ikea.com/ch/en/cat/cushions-18902
Switzerland,Home,Cushions,https://www.nextdirect.com/ch/en/shop/department-homeware-productaffiliation-cushionsandthrows/category-cushions,https://www.zarahome.com/ch/home-decor-cushions-couch-living-room-n994
Switzerland,Home,Bath Mats,https://www.nextdirect.com/ch/en/shop/department-homeware-productaffiliation-bathroomtextiles/category-bathmats,https://www.ikea.com/ch/en/cat/bath-mats-20519/
Switzerland,Home,Bath Mats,https://www.nextdirect.com/ch/en/shop/department-homeware-productaffiliation-bathroomtextiles/category-bathmats,https://www.zarahome.com/ch/bathroom-bathmats-n1052
Switzerland,Home,Table Lamps,https://www.nextdirect.com/ch/en/shop/department-homeware-productaffiliation-lighting/category-desktablelamps,https://www.ikea.com/ch/en/cat/bedside-desk-lamps-10732/
Switzerland,Home,Table Lamps,https://www.nextdirect.com/ch/en/shop/department-homeware-productaffiliation-lighting/category-desktablelamps,https://www.zarahome.com/ch/lighting-lamps-table-n4881
Bahrain,Home,Bed Sets,https://www.nextdirect.com/bh/en/shop/department-homeware-productaffiliation-bedding/category-bedsets,https://www.ikea.com/bh/ar/cat/bed-linen-10651/
Bahrain,Home,Bed Sets,https://www.nextdirect.com/bh/en/shop/department-homeware-productaffiliation-bedding/category-bedsets,https://www.homecentre.com/bh/en/c/household-bedding-comfortersandbedspreads-bedspreads
Bahrain,Home,Bed Sets,https://www.nextdirect.com/bh/en/shop/department-homeware-productaffiliation-bedding/category-bedsets,https://www.zarahome.com/bh/en/bedroom-duvet-covers-n946
Bahrain,Home,Towels,https://www.nextdirect.com/bh/en/shop/department-homeware-productaffiliation-bathroomtextiles/category-towels,https://www.ikea.com/bh/ar/cat/towels-20520/
Bahrain,Home,Towels,https://www.nextdirect.com/bh/en/shop/department-homeware-productaffiliation-bathroomtextiles/category-towels,https://www.homecentre.com/bh/en/c/household-bathandlaundry-bathlinen-towels
Bahrain,Home,Towels,https://www.nextdirect.com/bh/en/shop/department-homeware-productaffiliation-bathroomtextiles/category-towels,https://www.zarahome.com/bh/en/bathroom-towels-n1051
Bahrain,Home,Bed Sheets,https://www.nextdirect.com/bh/en/shop/department-homeware-productaffiliation-bedding/category-bedsheets,https://www.ikea.com/bh/ar/cat/bedsheets-10681/
Bahrain,Home,Bed Sheets,https://www.nextdirect.com/bh/en/shop/department-homeware-productaffiliation-bedding/category-bedsheets,https://www.homecentre.com/bh/en/c/household-bedding-sheetsandpillowcases
Bahrain,Home,Bed Sheets,https://www.nextdirect.com/bh/en/shop/department-homeware-productaffiliation-bedding/category-bedsheets,https://www.zarahome.com/bh/en/bedroom-basic-sheets-n1799
Bahrain,Home,Ceiling Lights,https://www.nextdirect.com/bh/en/shop/department-homeware-productaffiliation-lighting/category-ceilinglights,https://www.ikea.com/bh/ar/cat/ceiling-lights-18750/
Bahrain,Home,Ceiling Lights,https://www.nextdirect.com/bh/en/shop/department-homeware-productaffiliation-lighting/category-ceilinglights,https://www.homecentre.com/bh/en/c/household-lighting-ceilinglamps-pendantlamps
Bahrain,Home,Curtains,https://www.nextdirect.com/bh/en/shop/department-homeware-productaffiliation-curtainsandblinds/category-curtains,https://www.ikea.com/bh/ar/cat/curtains-10700/
Bahrain,Home,Curtains,https://www.nextdirect.com/bh/en/shop/department-homeware-productaffiliation-curtainsandblinds/category-curtains,https://www.homecentre.com/bh/en/c/household-windows-curtains
Bahrain,Home,Curtains,https://www.nextdirect.com/bh/en/shop/department-homeware-productaffiliation-curtainsandblinds/category-curtains,https://www.zarahome.com/bh/en/home-decor-curtains-blinds-n996
Bahrain,Home,Cushions,https://www.nextdirect.com/bh/en/shop/department-homeware-productaffiliation-cushionsandthrows/category-cushions,https://www.ikea.com/bh/ar/cat/cushions-18902
Bahrain,Home,Cushions,https://www.nextdirect.com/bh/en/shop/department-homeware-productaffiliation-cushionsandthrows/category-cushions,https://www.homecentre.com/bh/en/c/household-cushionsandthrows-filledcushions
Bahrain,Home,Cushions,https://www.nextdirect.com/bh/en/shop/department-homeware-productaffiliation-cushionsandthrows/category-cushions,https://www.zarahome.com/bh/en/home-decor-cushions-couch-living-room-n994
Bahrain,Home,Bath Mats,https://www.nextdirect.com/bh/en/shop/department-homeware-productaffiliation-bathroomtextiles/category-bathmats,https://www.ikea.com/bh/ar/cat/bath-mats-20519/
Bahrain,Home,Bath Mats,https://www.nextdirect.com/bh/en/shop/department-homeware-productaffiliation-bathroomtextiles/category-bathmats,https://www.homecentre.com/bh/en/c/household-bathandlaundry-bathlinen-bathmatsandtubmats
Bahrain,Home,Bath Mats,https://www.nextdirect.com/bh/en/shop/department-homeware-productaffiliation-bathroomtextiles/category-bathmats,https://www.zarahome.com/bh/en/bathroom-bathmats-n1052
Bahrain,Home,Table Lamps,https://www.nextdirect.com/bh/en/shop/department-homeware-productaffiliation-lighting/category-desktablelamps,https://www.ikea.com/bh/ar/cat/bedside-desk-lamps-10732/
Bahrain,Home,Table Lamps,https://www.nextdirect.com/bh/en/shop/department-homeware-productaffiliation-lighting/category-desktablelamps,https://www.homecentre.com/bh/en/c/household-lighting-tableanddesklamps
Bahrain,Home,Table Lamps,https://www.nextdirect.com/bh/en/shop/department-homeware-productaffiliation-lighting/category-desktablelamps,https://www.zarahome.com/bh/en/lighting-lamps-table-n4881
